"headline","story"
"100 years ago, Anaheim recalled its KKK city council. Why don't we remember?","100 years ago, Anaheim recalled its KKK city council. Why don't we remember?
Members of the KKK in Anaheim in 1924.
Members of the KKK in Anaheim in 1924. (Anaheim Public Library)
EL SEGUNDO CA DECEMBER 12, 2019 -- Gustavo Arellano, reporter for the Los Angeles Times.
By Gustavo Arellano
Columnist
Follow
Feb. 25, 2025 3 AM PT

180

Every time I visit my dad in Anaheim, I drive up Harbor Boulevard past Pearson Park. The crown jewel of the city's public spaces holds many memories for me, good and bad.

Its large pool? That's where my dad taught my sister and me how to swim. The tennis courts? My high school friends and I tried to channel our inner Andre Agassi there, to laughable results. Near the Depression-era statue of famed 19th century actress Helena Modjeska is where a former girlfriend broke up with me. In the northwest corner is a dense cactus garden where I scratched and pricked myself too many times playing hide-and-go-seek.

Pearson Park is a great place to picnic, to catch a summer concert at the historic amphitheater or to play pickup basketball at a purple and gold court dedicated to Kobe and Gianna Bryant (Kobe's wife, Vanessa Bryant, went to Catholic school at nearby St. Boniface).

It's also where in July 1924, the Ku Klux Klan held a rally that attracted over 20,000 people — one of the largest Klan events ever held west of the Mississippi.

On that night, a 30-foot burning cross surrounded by smaller ones lit what was then called City Park. The Orange County Plain Dealer reported that biplanes flew above the crowd, outfitted with electric lights — one looked like ""a large, fiery cross,"" while the other flashed ""KKK."" New members decked out in white robes and hoods were there to be initiated, but it was also a celebration, complete with a marching band.

In elections earlier that spring, the KKK had won a majority of the city council seats in La Habra and Brea, and four out of five in Anaheim.

California

It's Been 70 Years Since Anaheim Booted Klan
Nov. 26, 1994
Those wins solidified the Klan's presence in all sectors of Orange County political life, from school boards to the local Republican Party to the sheriff's office led by Sam Jernigan — and Anaheim was the base.

What was going on in my beloved hometown was part of a nationwide resurgence of the Klan not seen since Reconstruction. But like all evil, the reign of the KKK in Anaheim eventually ended.

One hundred years ago this past Feb. 3 — my birthday — Anaheim voters recalled the four Klan councilmembers. It was the most consequential election in the city's history, yet there has been no commemoration of the anniversary. Not a peep from the current city council, nor reflections from local publications or posts from local historical societies.

I'm not surprised. The Klan's rule in Anaheim is a stain on a place that likes to celebrate the positive, in a county where boosterism is religion. Yet the push to drive out the KKK offers lessons for our political moment. As Mark Twain supposedly wrote, history doesn't repeat, but it often rhymes.

Then and now, elected officials were blaming immigrants for all the supposed maladies afflicting this country. In 1920s Anaheim, the big local issue was bootlegging and Catholics, who were seen as foreigners in what was supposed to be an Anglo-Saxon Protestant country.

Today, the powers that be bray ""MAGA"" and dare people to oppose their pretend patriotism. Back then, the Klan preached ""One Hundred Per Cent Americanism,"" a slogan appropriated from the American Legion, much like Ronald Reagan was the first president who promised, with sunshine and not vitriol, to ""Make America Great Again."" The KKK cloaked their bigoted message in Christianity and convinced enough voters to put them in power with promises of restoring honor and pride and the good ol' days. They slimed opponents when they weren't outright threatening them with cross burnings and death threats.

The Klan went as far as to paint the letters KIGY — ""Klansmen, I Greet You"" — on major Anaheim streets to show who ran things. They seemed unbeatable — until good people from all strata of society rose up.

Local business owners created an anti-Klan group to organize the resistance. A whistleblower obtained the membership rolls of the Orange County KKK and passed them around town. The rolls revealed that nine out of 10 members of the Anaheim police department belonged to the Klan, along with the four councilmembers.

People examine a Ku Klux Klan gown and mask, with peaked cap.
Dist. Atty. Alexander P. Nelson of Orange County, left, Dist. Atty. Bertrand Gearhart of Fresno County, center, and Detective James Smith of the Los Angeles County district attorney's office, right, examine a Ku Klux Klan gown and mask, with peaked cap, seized in a raid. This photo appeared in the April 30, 1922 edition of the Los Angeles Times. (Los Angeles Times)
O.C. Dist. Atty. Alexander P. Nelson openly mocked the group, buying newspaper ads that outed Klan members and stating in a speech, ""Barnum once said that there was a sucker born every minute, but when we look at the Klan, we are constrained to think that Barnum's estimate was extremely conservative.""

The Anaheim Bulletin published the names of Klan members on its front page, while the rival Anaheim Gazette — run by the father of future U.S. Senator Thomas Kuchel — urged residents to vote the racists out. These righteous efforts succeeded: The four Anaheim Klan councilmembers were easily recalled, and the one non-Klan councilmember fended off his own Klan-funded recall. The Hooded Order's stay at Anaheim City Hall lasted all of nine months.

A story as simple as this should be required learning at all Anaheim schools. Yet I wouldn't find out about it until Orange Coast College in Costa Mesa in the late 1990s. I was doing a research project on hate crimes and was reading a book about the Klan when I stopped at a black-and-white photo of Klan members in their fearsome robes marching through a town. That same photo had appeared in my high school history textbook, with a caption that didn't mention a specific locale.

Now, the photo bore a different caption: Anaheim, California, 1920s.

A clash during a ""White Lives Matter"" protest outside Pearson Park in Anaheim involving KKK members in 2016.
A clash during a ""White Lives Matter"" protest outside Pearson Park in Anaheim involving KKK members in 2016. (Luis Sinco / Los Angeles Times)
My city never has shaken off its reputation as ""Klanaheim,"" because politicians and residents continued the racism, even as memories of the Klan faded. The pool where I used to splash around so long ago? Until the 1950s, minorities could only swim the day before it was drained. The cactus garden? It was created by former parks superintendent Rudy Boysen, most famous for inventing the delicious berry that bears his name, but who also confined Mexicans to a fenced-off portion of the park until activists successfully sued him.

Mexican-only schools arose after the Klan left office, and the city council and school board passed anti-immigrant initiatives well into the 1990s. Neo-Nazi rock bands freely passed out CDs of their crappy music at Angel Stadium during the 2000s and were still playing clandestine concerts at local bars last decade. As recently as 2016, a new generation of the Klan held a ""White Lives Matter"" rally at Pearson Park that devolved into a bloody free-for-all — a fiasco that drew worldwide attention.

Evil doesn't disappear just like that. What happened in Anaheim a century ago shows how to combat tyranny and white supremacy — and also that the work is never really done. If that's not a lesson we deem important, good luck to us all.

"
"California's first partner pushes to regulate AI while Trump and tech bros thunder forward","California's first partner pushes to regulate AI while Trump and tech bros thunder forward
California First Partner Jennifer Siebel Newsom, shown in 2023.
California First Partner Jennifer Siebel Newsom, shown in 2023. (Christina House / Los Angeles Times)
Anita Chabria. (Ricardo DeAratanha / Los Angeles Times)
By Anita Chabria
Columnist | 
Follow
Nov. 26, 2025 3 AM PT



7 min


Gov. Gavin Newsom has spent the last few years trying to thread the needle on state legislation to regulate artificial intelligence.
Congress has declined to move forward on any meaningful federal regulations.
California First Partner Jennifer Siebel Newsom recently convened a meeting that might rank among the top sweat-inducing nightmare scenarios for Silicon Valley's tech bros — a group of the Golden State's smartest, most powerful women brainstorming ways to regulate artificial intelligence.
Regulation is the last thing this particular California-dominated industry wants, and it's spent a lot of cash at both the state and federal capitols to avoid it — including funding President Trump's new ballroom. Regulation by a bunch of ladies, many mothers, with profit a distant second to our kids when it comes to concerns?
I'll let you figure out how popular that is likely be with the Elon Musks, Peter Thiels and Mark Zuckerbergs of the world.
But as Siebel Newsom said, ""If a platform reaches a child, it carries a responsibility to protect that child. Period. Our children's safety can never be second to the bottom line.""
Agreed.
Siebel Newsom's push for California to do more to regulate AI comes at the same time that Trump is threatening to stop states from overseeing the technology — and is ramping up a national effort that will open America's coffers to AI moguls for decades to come.
Right now, the U.S. is facing its own nightmare scenario: the most powerful and world-changing technology we have seen in our lifetimes being developed and unleashed under almost no rules or restraints other than those chosen by the men who seek personal benefit from the outcome.
To put it simply, the plan right now seems to be that these tech barons will change the world as they see fit to make money for themselves, and we as taxpayers will pay them to do it.
""When decisions are mainly driven by power and profit instead of care and responsibility, we completely lose our way, and given the current alignment between tech titans and the federal administration, I believe we have lost our way,"" Siebel Newsom said.
To recap what the way has been so far, Trump recently tried to sneak a 10-year ban on the ability of states to oversee the industry into his ridiculously named ""Big Beautiful Bill,"" but it was pulled out by a bipartisan group in the Senate — an early indicator of how inflammatory this issue is.
Faced with that unexpected blockade, Trump has threatened to sign a mysterious executive order crippling states' ability to regulate AI and attempting to withhold funds from those that try.
Simultaneously, the most craven and cowardly among Republican congresspeople have suggested adding a 10-year ban to the upcoming defense policy bill that will almost certainly pass. Of course, Congress has also declined to move forward on any meaningful federal regulations itself, while technology CEOs including Trump frenemy Musk, Apple's Tim Cook, Meta's Zuckerberg and many others chum it up at fancy events inside the White House.
Which may be why this week, Trump announced the ""Genesis Mission,"" an executive order that seemingly will take the unimaginable vastness of government research efforts across disciplines and dump them into some kind of AI model that will ""revolutionize the way scientific research is conducted.""
While I am sure that nothing could possibly go wrong in that scenario, that's not actually the part that is immediately alarming. This is: The project will be overseen by Trump science and technology policy advisor Michael Kratsios, who holds no science or engineering degrees but was formerly a top executive for Thiel and former head of another AI company that works on warfare-related projects with the Pentagon.
Kratsios is considered one of the main reasons Trump has embraced the tech bros with such adoration in his second term. Genesis will almost certainly mean huge government contracts for these private-sector ""partners,"" fueling the AI boom (or bubble) with taxpayer dollars.
Siebel Newsom's message in the face of all this is that we are not helpless — and California, as the home of many of these companies and the world's fourth-largest economy in its own right, should have a say in how this technology advances, and make sure it does so in a way that benefits and protects us all.
""California is uniquely positioned to lead the effort in showing innovation and responsibility and how they can go hand in hand,"" she said. ""I've always believed that stronger guardrails are actually good for business over the long term. Safer tech means better outcomes for consumers and greater consumer trust and loyalty.""
But the pressure to cave under the might of these companies is intense, as Siebel Newsom's husband knows.
Gov. Gavin Newsom has spent the last few years trying to thread the needle on state legislation that offers some sort of oversight while allowing for the innovation that rightly keeps California and the United States competitive on the global front. The tech industry has spent millions in lobbying, legal fights and pressure campaigns to water down even the most benign of efforts, even threatening to leave the state if rules are enacted.
Last year, the industry unsuccessfully tried to stop Senate Bill 53, landmark legislation signed by Newsom. It's a basic transparency measure on ""frontier"" AI models that requires companies to have safety and security protocols and report known ""catastrophic"" risks, such as when these models show tendencies toward behavior that could kill more than 50 people — which they have, believe it or not.
Stanford rising senior Sneha Revanur has successfully lobbied for curbs on AI technology in California and across the United States, despite opposition from some of the biggest and most powerful companies in the space. (Swetha Revanur)
Voices
Chabria: Tech bros hate this college student. California should listen to what she's saying about artificial intelligence
Sept. 8, 2025
But the industry was able to stop other efforts. Newsom vetoed both Senate Bill 7, which would have required employers to notify workers when using AI in hiring and promotions; and Assembly Bill 1064, which would have barred companion chatbot operators from making these AI systems available to minors if they couldn't prove they wouldn't do things like encourage kids to self-harm, which again, these chatbots have done.
Still, California (along with New York and a few other states) has pushed forward, and speaking at Siebel Newsom's event, the governor said that last session, ""we took a number of at-bats at this and we made tremendous progress.""
He promised more.
""We have agency. We can shape the future,"" he said. ""We have a unique responsibility as it relates to these tools of technology, because, well, this is the center of that universe.""
If Newsom does keep pushing forward, it will be in no small part because of Siebel Newsom, and women like her, who keep the counter-pressure on.
In fact, it was another powerful mom, First Lady Melania Trump, who forced the federal government into a tiny bit of action this year when she championed the ""Take It Down Act"", which requires tech companies to quickly remove nonconsensual explicit images. I sincerely doubt her husband would have signed that particular bill without her urging.
So, if we are lucky, the efforts of women like Siebel Newsom may turn out to be the bit of powerful sanity needed to put a check on the world-domination fantasies of the broligarchy.
Because tech bros are not yet all-powerful, despite their best efforts, and certainly not yet immune to the power of moms.
"
"Amid catastrophic loss, the unshakable allure of the San Gabriel Mountains","Amid catastrophic loss, the unshakable allure of the San Gabriel Mountains
Meteorologist Edgar McGregor in Irwindale.
Meteorologist Edgar McGregor knows the science behind Santa Ana winds and keeps a watchful eye out at the Santa Fe Dam Recreation Area in Irwindale. (Genaro Molina / Los Angeles Times)
EL SEGUNDO, CA-DECEMBER 14, 2023:Steve Lopez, columnist, Los Angeles Times (Mel Melcon / Los Angeles Times)
By Steve Lopez
Columnist | 
Follow
Nov. 30, 2025 5 AM PT
For Subscribers


3

20 min

The San Gabriels still are growing higher and are among the fastest-rising mountains in the world.
There are lessons yet to be learned from the Eaton and Palisades fires, January's twin catastrophes.
In December 2020, a reader suggested I get in touch with a young Pasadena man named Edgar McGregor, who was approaching 500 straight days of picking up trash in local parks, including Eaton Canyon. I connected with McGregor by email but then got sidetracked by other things, as did he.
McGregor, now 25, still is picking up trash, and he also picked up a climate science degree at San José State in 2023. He operates a weather forecasting service out of his home, with a focus on the foothill communities of the San Gabriel Mountains, and has a keen interest in Santa Ana winds. This brought him a sizable following of people who paid close attention to his forecasts, particularly in January.

VIDEO | 02:15
Edgar McGregor talks picking up trash

Play Video
In his home office, McGregor studied computerized weather data and saw the makings of a monster. He knew the Santa Ana windstorm bearing down on the Altadena area would be catastrophic, and after a fire sparked in Eaton Canyon, possibly from arcing utility lines, he posted a video imploring his followers to ""get out."" His warning, which sent caravans of vehicles down from the foothills, has been credited with saving lives.
Edgar McGregor collects trash surrounded by dry chaparral in the Santa Fe Dam Recreation Area in Irwindale.
Edgar McGregor collects trash surrounded by dry chaparral in the Santa Fe Dam Recreation Area in Irwindale. (Genaro Molina / Los Angeles Times)
A few weeks ago I finally went out with McGregor on a trash pickup. We met at the Santa Fe Dam Recreation Area, where he pulled plastic bags, bottles, cans, food wrappers and other rubbish out of thick, dry brush. He said the Irwindale location would offer us a sweeping view of the San Gabriel Mountains, which dramatically form the back wall of L.A. sprawl and serve as a reminder that along this towering creation of seismic sculpture, natural beauty and risk are inseparable.
Part of that risk, McGregor explained, is that when high-pressure air to the north and northeast is drawn toward low-pressure air along the coast, it gets compressed as it's funneled and slung through canyons, it accelerates as it descends Southern California mountain ranges, and it becomes dangerously dry, threatening everything in its path.
""So, I credit my ability to forecast Jan. 7 … with my trash pickups,"" McGregor told me, explaining that he had taken full notice of the distressed ecosystem at Eaton Canyon after two straight years of drought, which produced a heavy load of kindling.
Edgar McGregor carries two buckets of trash he collected in the Santa Fe Dam Recreation Area in Irwindale.
Edgar McGregor carries two buckets of trash he collected in the Santa Fe Dam Recreation Area in Irwindale. (Genaro Molina / Los Angeles Times)
""I knew it would be catastrophic. … Even before I ran outside to look at the hillside behind my house ablaze, I knew it was over. It was totally over. The whole canyon was going to go up,"" McGregor said. ""Spending so much time in that park and learning its natural history, when debris flows happened, when wildfires happened, what caused wildfires to destroy homes in 1993, I knew … this was the start of a new era for Altadena, right then and there.""
From my front porch on a clear morning, the San Gabriels sometimes do not look real. It's as if a Hollywood crew worked through the night to assemble a movie set backdrop, with impossibly steep rock walls towering over the valley. In a matter of minutes, I can disappear into the mirage, trading traffic for tranquility.
But gravity has not been kind to the San Gabriel range and its foothills, where majesty and mayhem have lived together through decades of deadly fires and floods. In 1934 the new year began with a 20-foot wall of mud and debris thundering down from fire-scarred slopes and devouring much of La Crescenta and Montrose, gutting 400 homes and killing 45 people. In 1968 and 1969 the same one-two punch of fire and floods hit Glendora, wiping out 200 homes and killing 34.
The perennial threat along these sharp slopes was meticulously explored in a 1988 New Yorker article by John McPhee. He revisited the deadly 1978 La Crescenta mudslide, which picked up more than a dozen vehicles and parked them downstream while also destroying homes.
A bicyclist makes his way down a bike path against a backdrop of the San Gabriel Mountains in Irwindale.
A bicyclist makes his way down a bike path against a backdrop of the San Gabriel Mountains in Irwindale. (Genaro Molina / Los Angeles Times)
""Los Angeles Against the Mountains,"" as the story was titled, had a clever opening sentence: ""In Los Angeles versus the San Gabriel Mountains, it is not always clear which side is losing."" The piece began with the travails of Robert and Jackie Genofile and their two teenagers, Kim and Scott, who were nearly buried alive in their La Crescenta home.
Kim Genofile was 17 at the time of the storm. I wasn't sure I had the right person when I dug up a phone number for a woman living in Orange County, but Kim Flotron answered and said she was indeed the former Kim Genofile, and she'd been thinking about the unfortunate souls by the thousands who lost everything in the Eaton fire.
Flotron, retired from a career in medicine, spoke as if the 1978 ordeal was still fresh in her mind. She said she couldn't sleep the night of the disaster and went into her brother Scott's bedroom and looked through the window at the storm. Flotron remembers telling their mother, ""You should see all the rain that's coming down.""
A series of debris basins protects neighborhoods in the San Gabriel foothills, catching storm runoff that can include mud, trees, rocks and boulders. The one above the Genofile house got clogged in the storm, and an avalanche of debris barreled down the hill.
""I can still hear it, to this day,"" Flotron said.
Mud crashed into and plowed through the house, climbing the walls. Flotron said her father told everyone to jump onto the bed in the master bedroom, and she and her brother tried.
A water collection tower stands in a debris basin near Agua Canyon in Altadena.
A water collection tower stands in a debris basin near Agua Canyon in Altadena. (Carlin Stiehl / For The Times)
""But our legs got trapped by a boulder, and we were stuck,"" Flotron said.
The Genofiles dug their way to safety, and the teens suffered only minor cuts and scrapes. Flotron told me her father, a contractor, had built the house that was destroyed and the family members decided to rebuild in the same location, despite the nightmare they'd survived.
There's Los Angeles versus the mountains, as McPhee put it, but there's also Mother Nature versus human nature, and home is home. As one Altadena fire survivor put it when I asked if he felt safe rebuilding in a place with such a storied history of shaking, baking and assorted other risks, he shrugged me off. Risk is everywhere, he said. And true enough, if one thing doesn't get you, it'll be another. Crime, accident, disease.
Flotron said that in their new house, the bedrooms were placed upstairs, to make for sounder sleep.
""We're just very strong-willed people and have a tendency to be more positive,"" Kim said of the decision to stay in La Crescenta. ""My parents had this thing that, we have our lives, we're not broken up. We thought we lost two cats, but we found one on a surfboard in the reservoir and one in a cabinet.""
She does think, though, that there has been lingering post-traumatic stress disorder in her family, and that her late father was never quite the same after losing the house and later shutting his business. Then, in 2009, the Station fire roared through the neighborhood, though the Genofiles were spared.
""That was frightening because it was like, what are we anticipating?"" Flotron said. ""It was all right there. You could watch the sumac explode and you could feel the heat.""
Her brother still lives in La Crescenta, Flotron told me.
""Whenever it rains,"" she said, ""we seem to talk.""
Seismologist Lucy Jones and I were walking down to the Gabrielino trail from La Cañada one day, talking about the assorted threats that hang over us in Southern California, testing both our preparedness and our sanity. She used to live in the general vicinity of the Genofiles and was evacuated from her home there for three days during the Station fire, only to hope and pray the following year that a debris basin near her home, filled nearly to the brim during a storm, would hold out. It did.
Before that, Jones had lived in the neighborhood where I live and said she was Richtered out of bed there in 1988 by the rude jolt of a 5.0 quake. After her adventures in La Cañada Flintridge, she and her husband, also a seismologist, wanted to be closer to their jobs at Caltech, so they began real estate shopping. Jones, working with the ultimate insider's advantage, said they gave one home a pass after observing that it sat on the Raymond fault scarp.
Dr. Lucy Jones, a seismologist and geophysicist at Caltech.
Dr. Lucy Jones, a seismologist and geophysicist at Caltech. (Carlin Stiehl / For The Times)
""I might have been willing to gamble, but that wasn't going to happen,"" Jones said. ""We'd never be able to invite a geologist to dinner.""
As we descended a winding path toward the trail, Jones spotted something that interested her on the face of a steep wall of rock.
""That looks like fault gouge,"" Jones said, examining some bleached, sandy material sandwiched by darker, more solid rock.
She didn't seem particularly alarmed, even though we were looking at what might be an example of what Jones called ridgetop shattering, which can be associated with seismic activity. And we were in the vicinity of the Sierra Madre fault, which conspired in prehistoric time with the San Andreas fault to form the San Gabriel Mountains.
Several million years ago, Jones said, there were no San Gabriel Mountains. The land was flat until a transverse kink in the San Andreas fault, which separates two great tectonic saucers — one sliding slowly to the southeast and one to the northwest — collected pressure that began pushing upward and forming the mountains. The San Gabriels still are climbing, and among the fastest-rising mountains in the world.
Dr. Lucy Jones assesses whether a formation is a fault gouge while hiking the Gabrielino Trail in Altadena.
Dr. Lucy Jones assesses whether a formation is a fault gouge while hiking the Gabrielino Trail in Altadena. (Carlin Stiehl / For The Times)
I often feel, when talking to Jones, that I'm asking questions that might get me kicked out of class. But I tried another one on her:
Why is this mountain range so steep?
""Because earthquakes are pushing it up faster than erosion is bringing it down,"" Jones said, reminding me that the San Andreas is on the north side of the range and the Sierra Madre on the south side. ""Every 5,000 years or so, the Sierra Madre fault moves again and pushes us up another 10 feet.""
As horrific as the Big One is sure to be, it's easy enough to push that out of our minds because the timeline is unknowable. The next destructive quake could be in 5,000 years, or 10,000, or it might visit us before you finish the next sentence. Nobody knows. And there is no earthquake season.
But there are fire seasons, and in the evolving order of things that can go wrong, especially after what happened in January, L.A.'s proximity to wildlands seems ever more unsettling.
""Look at that hillside directly in front of us,"" Jones said, gazing across the canyon. ""That burned in the Station fire. That's 16 years of regrowth, and it's still struggling.""
In typical cycles, burned wildlands can take decades to recover. But they are struggling even in places not visited by fire, thanks to drought and other factors that have led to forest collapse.
We're experiencing ""a higher fire risk because of climate change,"" Jones said. ""The ecosystem is so stressed, because it's experiencing a different climate than it evolved to experience.""
Dr. Lucy Jones crosses the Arroyo Seco Creek while hiking the Gabrielino Trail in Altadena.
Dr. Lucy Jones crosses the Arroyo Seco Creek while hiking the Gabrielino Trail in Altadena. (Carlin Stiehl / For The Times)
We reached the creek at the bottom of the trail and began winding toward the back side of the Jet Propulsion Laboratory on the edge of the Eaton fire's western boundary. Along the way Jones pointed out the dynamics of change. In the sand along the creek and in boulders the size of dump trucks, she saw the map of historic reconfiguration.
""Look at the size of the rocks, and they're rounded enough that they've been bouncing around in the stream for a while,"" she said. ""When fire happens and we have stuff coming down, the green burns and the soil comes sloughing off in the rain.""
At one point Jones reached across the gurgling creek to hand me her trekking poles for balance, so I wouldn't take a spill on slippery rocks. As we approached the end of our hike she took me to a spot where, a few months ago, she identified a segment of the Sierra Madre fault.
""Sometimes you can see it really clearly,"" Jones said, but rain had rearranged things, washing leaves and other materials down over the rocky ground.
She glanced across the creek, working with the aid of a geologist's magic eyes, and spotted signs of another strand of the fault. She bent down to inspect some sandy material and said, ""Look at how it's all ground up in here against this very hard rock.""
If there were a big quake, Jones said, ""we would expect these rocks will move about five meters up this way, and that's going to be running into the bridge."" But in that scenario, the bridge, which crosses the creek at the back entrance to JPL, might already have been damaged from violent shaking.
Jones told me — awfully casually, it seemed — that big earthquakes always cause fires, that wood-frame construction can compound losses, and that the extent of the disaster ""depends on what winds are blowing when the earthquake happens.""
I told her I needed to know that she sleeps OK.
""Yeah,"" Jones said. ""It's geologic time.""
Jones, who spoke fondly of ""playing in the mountains"" with her grandchildren, left me with a few words of reassurance.
""I'm not moving,"" Jones said. ""And I'm not convincing my son to raise the grandchildren somewhere else.""
The Eaton and Palisades fires would not have been nearly as devastating without the Santa Ana winds that powered them, carrying embers great distances. Although there is no evidence at the moment that climate change has an impact on Santa Ana winds, which race over and along parts of the San Gabriel foothill corridor in the fall and early winter, there is evidence that climate change means elevated fire risk.
""The frequency at which we're seeing autumns that are extremely dry is increasing,"" Edgar McGregor told me. That means that when we enter Santa Ana season without having had much rainfall to douse vegetation, we're primed for disaster.""
A water collection tower stands in a debris basin near Agua Canyon in Altadena.
A water collection tower stands in a debris basin near Agua Canyon in Altadena. (Carlin Stiehl / For The Times)
Another critical factor in the Eaton and Palisades fires was that the winters of 2023 and 2024 were unusually wet, producing vegetation that later became fuel in an unusually dry season. Daniel Swain and other climate scientists refer to these swings from drought to deluge as hydroclimate whiplash.
""When it rains, increasingly, it pours. That's the way this is playing out globally,"" said Swain, a researcher for the California Institute for Water Resources.
And why is that happening?
Because we're playing with matches, burning fossil fuels, sending up more greenhouse gases and cooking the planet.
""I'm not sure that some folks are aware of how dramatically warmer it has become in the last 30 years,"" Swain said. ""Unfortunately, we're on a trajectory for a lot more warming than we've seen so far,"" and future warming will be exponential rather than linear.
""It's obviously warmer, but why does that matter so much? Because of the atmospheric sponge effect,"" Swain said. ""As the temperature of the air rises, the size of the figurative atmosphere expands, and its capacity to absorb water does as well.""
VIDEO | 00:51
Meteorologist Edgar McGregor on a recent fire in Santa Fe Dam Recreation Area

Play Video
The sponge is capable of both absorbing and dumping increasing amounts of water. A study published by Swain and other scientists reported that between 1980 and 2018 in California, human-caused climate change contributed to a doubling of the number of ""autumn days with extreme fire weather.""
Swain said there's some evidence of a shift in Santa Ana wind timing, with fewer winds in the fall and more in the winter. That's potentially a good thing, because the later they are, the greater the chance that rains have arrived.
Jon Keeley, a research ecologist, UCLA adjunct professor and former Altadena resident, doesn't buy the idea of a whiplash effect as an explanation for the January wildfires. He told me climate change is a bigger factor in the fires that hit Northern California's heavily wooded areas than in Southern California's chaparral terrains.
In January, he said, the primary factors were that Santa Ana winds blew at about twice their usual speed, and the fires were triggered. The Palisades fire was a reignition of an earlier blaze allegedly set by an arsonist, and the Eaton fire might have been ignited by sparking power lines.
Keeley said that once the fires got going, houses, rather than dry vegetation, were the fuel. More people means more power lines, more triggers and more development, and lowering the risk of fire requires a greater focus on all of those things.
""You cannot look at just climate change without … talking about population growth, and nobody is talking about population growth,"" Keeley said.
Swain is in full agreement that climate change is only part of the story, and that there are lessons to be learned from January's twin catastrophes.
""We could see much better fire outcomes in a higher fire-risk world if we do the right things,"" he said, in terms of preparation and prevention, and how and where we build.
Swain mentioned Jones' decades of work to educate the public on earthquake risk and preparedness, along with her campaign to elevate building codes and retrofit vulnerable structures.
""I'm almost in awe of the seismology folks who managed to convince people to prepare for something we've never seen before,"" Swain said. ""I want to get there with wildfire hazards.""
Many years ago I was out with a friend, kayaking over swells just beyond the jetty at the entrance to Marina del Rey. It was a warm, clear winter day, and as we headed back to shore, the snow-covered peaks of the San Gabriel Mountains spread out before us in the distance. In less than two hours you could go from swimming to skiing, or from having a dolphin slide under your kayak to having a bear dig through your trash can.
It's easy enough to take this natural environment for granted, as many of us do. One of the things I admire about McGregor is that he doesn't.
Meteorologist Edgar McGregor in the Santa Fe Dam Recreation Area in Irwindale.
Meteorologist Edgar McGregor visits an area that burned the night before in the Santa Fe Dam Recreation Area in Irwindale. McGregor worries that small fires such as this during Santa Ana winds once again could be devastating to residents in the area. (Genaro Molina / Los Angeles Times)
I told McGregor I'd spoken to two PhDs about the fires and that one emphasized the need to better understand the urgency of climate change, while the other was focused on reducing fire risk.
""We need to do both,"" McGregor said. ""I understand the importance of brush clearance, controlled burns and safer homes if you're going to build"" in the wildland-urban interface.
But over the last 119 years, by his computations, average daily temperatures in Pasadena increased by an alarming seven degrees.
McGregor — who lives at Pasadena's northeast boundary, a block from Altadena — began working for L.A. County as a meteorologist after the fire but emphasized that he was speaking as a private citizen. One who was alarmed last January when, in his home office, he saw that the coming Santa Ana winds would be of high velocity and long duration.
Usually you get a high-velocity wind of short duration, he told me, or a low-velocity event of long duration. Santa Anas come in two flavors, he added, hot and cold, depending on their origin and characteristics.
""When we get the cold flavor, that's when the winds dive over the mountains. They crash into the foothills below and they spread out. That's what was carrying the Eaton fire into Altadena,"" McGregor said.
I asked if his family considered moving, even though the house was not damaged. He paused before saying his grandparents built the house.
""It's always been in the McGregor family, and it's not really an asset to me, it's a home. And you don't consider those things with your home,"" he said.
""So your home is safe,"" I said, ""but your house might not be.""
He said he hadn't thought of it that way.
At the Santa Fe Dam, McGregor filled buckets with trash, saving his harshest comments for decomposing plastic bags. He distinguished native plants from non-native and said we need to better understand that in advancing wildfires, some trees — oaks, for instance — can be beneficial rather than hazardous.
""It's not just that they have moisture in them and can eat embers for breakfast,"" he said. ""But also that they slow down the Santa Ana windstorms.""
McGregor said he changed his bio from climate activist to community activist because ""that's all-encompassing. I forecast weather when that's what my community needs. I pick up trash when that's what my community needs.""
He could let himself get overwhelmed by the declining health of the planet, or the dunderheaded indifference at the highest levels. But he chooses not to.
""I protect myself with the knowledge that I'm just an individual, and one that doesn't have that much power, and I don't let it get to me,"" he said. ""If I came out here every day and I just got angry with the litterbugs … I can't think those thoughts, because I'm out here to enjoy the natural world and bring myself peace of mind.
""I get out of the house, go somewhere, take responsibility for a local natural area, be an example that others can live by. Maybe that meets the needs of the element within me that wants to have a purpose in this world.""
The January fires, which raged at the intersection of the built and the natural environments, were not the first in L.A. and won't be the last.
They were humbling reminders that we're temporary inhabitants of a place both blessed and cursed, tucked between ancient peaks and rising sea, with no greater calling than to be better stewards of our inheritance.
"
"Is $140,000 really a poverty income? Clearly not, but the viral debate underscores the 'affordability' issue","Is $140,000 really a poverty income? Clearly not, but the viral debate underscores the 'affordability' issue
Treasury Secretary Scott Bessent tries to smile away the economic reality facing American households. 
Treasury Secretary Scott Bessent is among President Trump's Cabinet heads who try to smile away the economic reality facing American households, but the public isn't buying it, Times columnist Michael Hiltzik writes. (Yuri Gripas / Associated Press)
Los Angeles Times columnist Michael Hiltzik
By Michael Hiltzik
Business Columnist | 
Follow
Dec. 10, 2025 3 AM PT



11 min


A wealth manager wrote that $140,000 a year means poverty in today's America, sparking controversy. He's wrong, but he made a good point
On the Sunday before Thanksgiving, a wealth manager named Michael Green published a Substack post arguing that a $140,000 income is the new poverty level for a family of four in America, where the official poverty line is $32,150.
The post promptly went viral.
One would hope that economic commentators coast-to-coast mentioned Green as their ""person I'm most thankful for"" at their family gatherings that week, because he gave them something to masticate ever since. On the spectrum from left to right, countless pundits have rerun Green's numbers to deride or validate his argument.
It is jarring that in one of the richest countries in the world, one-third of the middle class does not make enough to afford basic necessities.
— Stephens and Perry, Brookings
""The whole thing doesn't pass the smell test,"" asserted right-of-center economist Noah Smith in a very lengthy rebuttal. On the other side, Tom Levenson, who teaches science writing at MIT, gave us a Bluesky thread in which he noted that ""$140,000 in many urban areas in the US is a family income that is at least precarious, and at worst, one or two missed paychecks from having to make rent-or-food choice.""
Green has asserted that the response to his post has been ""massively favorable."" That isn't my impression, but leave it aside.
Get the latest from Michael Hiltzik
Commentary on economics and more from a Pulitzer Prize winner.
By continuing, you agree to our Terms of Service and our Privacy Policy.
Enter email address
Enter email address
Agree & Continue
Here's my quick take: Green made a category error (and a rhetorical blunder) by hanging his argument on the concept of ""poverty""; that's the claim that most of his critics focus on. His real argument, however, concerns the concept of affordability. Indeed, in a follow-up post he redefined his argument as applying to ""the hidden precarity for many American families.""
We can stipulate that making $140,000 a poverty standard is absurd. Even in a high-cost economy such as California's, millions of families live comfortable lives on much less. (The median household income in Los Angeles County — meaning half of all households earn less and half earn more — is about $86,500.)
Plenty of working families are raising children and having fruitful social lives on median incomes or even less: Living thriftily is not the same as living penuriously or meanly. Much of what middle-class families give up are things that aren't necessarily crucial. Green's image of families stripped to the bones with mid-six-figure or even high five-figure incomes feels like something conjured up by an asset manager with a distinctly affluent clientele, which is what he is.
Yet, what his post alludes to implicitly is that the concept of ""middle-class"" has evolved over the last few decades, and not in a good direction. That's why so many Americans, including millions with incomes that used to place them firmly in the middle class, feel strapped as never before, wondering how they can afford things their parents took for granted, such as putting the kids through college and saving for a comfortable retirement.
""The nation's affordability crisis has not spared middle-class families, one-third of which struggle to afford basic necessities such as food, housing, and child care,"" Hannah Stephens and Andre M. Perry of the Brookings Institution observed last week. Their analysis covered 160 U.S. metro areas, and held firm in all of them.
(They defined the middle class as falling into the income range of $30,000 to $153,000.)
Let's give Green's argument the once-over.
He started with the origin of the federal poverty calculation, which dates back to 1963, when a Social Security economist named Mollie Orshansky figured that since American households spent an average of one-third of their budget on food, if you estimated the cost of a minimally adequate food basket and multiplied by three, you might have a useful overall standard for poverty. She pegged that at $3,130 for a nonfarm family of four.
""If it is not possible to state unequivocally 'how much is enough,'"" she wrote, ""it should be possible to assert with confidence how much, on an average, is too little."" She pegged that at $3,130 for a nonfarm family of four.
Green festooned his post with lots of hand-waving and magic asterisks to accommodate changes in American lifestyles over the ensuing six decades and come up with his $140,000 standard. But if one applies a constant inflation rate to Olshansky's $3,130 via the consumer price index, you get about $33,440. As it happens, the government's official poverty level for a family of four today is $32,150. Pretty close.
That's an important figure, because it defines eligibility for a host of government programs. Eligibility for Medcaid under the Affordable Care Act (in states that accepted the ACA's Medicaid expansion) runs up to income of 138% of the poverty level; higher than that steers families into ACA health plans. As KFF notes, ""in states that have not adopted Medicaid expansion, adults with income as low as 100% FPL can qualify for Marketplace plans.""
Green's critics generally note that the median household income in the U.S. was $83,730 in 2024, meaning that he's placed well more than half of America into the poverty zone. That just swears at reality.
It needs to be said that Green's approach differs from those articles that regularly appear asking us to commiserate with families earning $400,000 or $500,000 because they can't make ends meet.
As I've reported in the past, these articles invariably depend on sleight-of-hand. They offer their own definitions of ""rich"" and list as necessary or unavoidable expenses many items that ordinary families would consider luxuries — lavish vacations, charitable donations (including to the adults' alma maters), etc., etc. The strapped family eking out an existence on $500,000 featured in one such piece had fully-funded retirement and college plans, payments on two luxury cars, ""date nights"" every other week ... you get the drift.
Levenson ran the numbers for a hypothetical family in his home town of Brookline, Mass., which is objectively upper-crust, but his approach applies more widely. Let's run them for a hypothetical household in Los Angeles County. These figures are necessarily conjectural, because your mileage may vary — in fact, everyone's mileage varies.
The median monthly rent in L.A., according to Zillow, is $2,750, or $33,000 a year. On the other hand, the median home price in the county is close to $1 million. At today's average mortgage rate of 6.2% and assuming a 20% down payment, the cost of an $800,000 mortgage runs to $4,900 a month, or $58,800 a year. One can find a cheaper home farther from the coast, so for argument's sake let's posit a $500,000 home with a $40,000 mortgage: $2,450 a month, or only $29,400. But you're probably living farther from work, so your transportation costs go up.
The property tax on that $1-million home: $10,000 in year one. (On the $500,000 home, it's $5,000.)
State and federal taxes on a $140,000 income: about $18,000. Social Security payroll tax: $8,680.
So of our $140,000, housing and taxes leave us with somewhere between $44,500 and $78,920.
Food: The bureau of economic analysis pegs the annual spending of a four-member California family at an average $18,000. That figure is almost certainly on the upswing.
Healthcare? In its annual report on employer-sponsored health coverage, KFF found that the employee share of family covered reached $6,850 this year, with employers shouldering the balance of the average $27,000 total. For families on Affordable Care Act plans, the costs are impossible to calculate just now, because Republicans in Congress can't get their act together to extend the premium subsidies that make these plans workable.
Then there's child care. In the old days, when single-earner families were more common than today, that wasn't as much of an issue than it is today. But if both parents work, children have to be stowed in child care until they're old enough for kindergarten or first grade — let's say up to age 5 or 6. In California, according to one survey, that's about $13,000 per year per child.
A few more things we haven't counted yet: cellphone account, say $100 a month; home Wi-Fi, another $100; computers, $1,000 or so each; cars, $17,000 to $25,000 used; auto and home insurance, $1,500 each; gasoline; and utilities ($3,300 a year, according to SoFi).
At the low end of housing costs, our California family has remaining monthly discretionary income of a few hundred dollars. At the higher mortgage level they're underwater. Levenson adds, ""our notional couple best not have any student loans.""
It's also worth noting that our couple has put a dime into retirement or college funding. If they set aside 10% of their income for 401(k) contributions, they're in trouble.
What we're actually looking at is the collapse of the American middle class. ""It is jarring that in one of the richest countries in the world, one-third of the middle class does not make enough to afford basic necessities,"" Stephens and Perry of Brookings write. ""The single woman living in Pennsylvania buying her first home, the Latino or Hispanic couple in Indiana running a local business, the Black parents in Texas starting their family — all of these faces of the American middle class are struggling with affordability when they shouldn't have to.""
Trump could alleviate these pressures, notably by knocking off the tariff stunts. For all that he declares ""affordability"" to be a Democratic hoax or that his acolytes Treasury Secretary Scott Bessent, Commerce Secretary Howard Lutnick and White House chief economist Kevin Hassett try to smile away the reality, the American public isn't fooled.
The Conference Board, a business think tank, reported that U.S. consumer confidence fell sharply in November. No surprise. Michel Green put his finger on something, and the likelihood is that things are only getting worse.
"
"Short, beautiful Southern California reads for our doomscrolling times","Short, beautiful Southern California reads for our doomscrolling times
Portrait of author D.J. Waldie
D.J. Waldie, who has penned essays about L.A. history and geography for decades, gathered some of his recent efforts in ""Elements of Los Angeles: Earth, Water, Air, Fire."" (Marcus Ubungen / Los Angeles Times)
EL SEGUNDO CA DECEMBER 12, 2019 -- Gustavo Arellano, reporter for the Los Angeles Times.
By Gustavo Arellano
Columnist | 
Follow
Nov. 30, 2025 3 AM PT


8

7 min

Amid the fusillade of terrible headlines this year, one pierced my nerdy heart.
""Enjoying this headline? You're a rarity: Reading for pleasure is declining ..."" was the topper to a story by my colleague Hailey Branson-Potts in August. Pleasure reading among American adults fell more than 40% in two decades — a continuation of a trend going back to the 1940s.
LOS ANGELES, CA AUGUST 13: The Mujeres de Aztlan mural, painted in 1976, in the Ramona Gardens housing project 
Voices
Arellano: In 2024, books by and about Southern California Latinas shined
Dec. 6, 2024
I get it. We don't want to read for fun when we're trying to wade through the sewer of information we find online and make sense of our terrible political times. But as Tyrion Lannister, the wily hero of George R.R. Martin's ""A Game of Thrones"" series, said, ""A mind needs books as a sword needs a whetstone, if it is to keep its edge.""
So for my annual holiday columna recommending great books about Southern California, I'm sticking to formats that lend themselves to easier reading — bite-size jewels of intellect, if you will. Through essays, short stories, poems and pictures, each of my suggestions will bring solace through the beauty of where we live and offer inspiration about how to double down on resisting the bad guys.
Cover of ""California Southern: Writing from the Road, 1992-2005""
""California Southern: Writing From the Road, 1992-2025"" by LAist reporter Adolfo Guzman-Lopez. (Gustavo Arellano / Los Angeles Times)
Adolfo Guzman-Lopez's warm voice has informed Angelenos about arts, politics and education for 25 years on what was long called KPCC and now goes by LAist 89.3. What most listeners might not know is that the Mexico City native first earned acclaim as a founder of Taco Shop Poets, an influential San Diego collective that highlighted Chicano writers in a city that didn't seem to care for them.
Guzman-Lopez lets others delve into that history in the intro and forerward to ""California Southern: Writings from the Road, 1992-2025."" Reading the short anthology, it quickly becomes clear why his audio dispatches have always had a prose-like quality often lacking among public radio reporters, whose delivery tends to be as dry as Death Valley.
In mostly English but sometimes Spanish and Spanglish, Guzman-Lopez takes readers from the U.S.-Mexico border to L.A., employing the type of lyrical bank shots only a poet can get away with. I especially loved his description of Silver Lake as ""two tax brackets away/From Salvatrucha Echo Park."" Another highlight is contained in ""Trucks,"" where Guzman-Lopez praises the immigrant entrepreneurs from around the world who come to L.A. and name their businesses after their hometowns.
LOS ANGELES, CA NOVEMBER 20, 2014 -- Zev Yaroslavsky, member of the Los Angeles County Board of Supervisors walks the long hallway filled with photographs and newspaper clips chronicling his career in his County Hall of Administration office on November 20, 2014 as he is preparing to leave the office he was elected to in 1994. Yaroslavsky served on the Los Angeles City Council from 1975 to 1994 and has been active in the areas of transportation, the environment, health care and cultural affairs. (Al Seib / Los Angeles Times)
Voices
Arellano: These California memoirs will get you thinking about writing your own
Dec. 16, 2023
""Say these names to praise the soil,"" he writes. ""Say these names to document the passage. Say these names to remember the trek.""
Guzman-Lopez has been doing readings recently with Lisa Alvarez, who published her first book, ""Some Final Beauty and Other Stories,"" after decades of teaching English — including to my wife back in the 1990s! — at Irvine Valley College.
The L.A. native did the impossible for someone who rarely delves into made-up stories because the real world is fantastical enough: She made me not just read fiction but enjoy it.
Alvarez's debut is a loosely tied collection centered on progressive activists in Southern California, spanning a seismic sendoff for someone who fought during the Spanish Civil War and a resident of O.C.'s canyon country tipping off the FBI about her neighbor's participation in the Jan. 6 U.S. Capitol riot.
Author, activist and professor Lisa Alvarez
Author, activist and Irvine Valley College professor Lisa Alvarez holds a copy of her short story collection ""Some Final Beauty and Other Stories."" (Don Leach / Daily Pilot)
Most of the protagonists are women, brought to life through Alvarez's taut, shining sentences. Memories play a key role — people loved and lost, places missed and reviled. A nephew remembers how his uncle landed in an FBI subversives file after attending a Paul Robeson speech in South L.A. shortly after serving in the Navy in World War II. An L.A. mayor who seems like a stand-in for Antonio Villaraigoisa considers himself ""the crafty and cool voice of one who sees his past and future in terms of chapters in a best-selling book"" as he tries to convince a faded movie star to come down from a tree during a protest.
To paraphrase William Faulkner about the South, the past is never dead in Southern California — it isn't even past.
Los Angeles, CA - March 11: Gleb Wilson, center, views books at Stories Books and Cafe in Los Angeles Friday, March 11, 2022. (Allen J. Schaben / Los Angeles Times)
Voices
Arellano: Want to see more Latinos in books? Start by reading these
Nov. 25, 2022
While Alvarez is a first-time author, D.J. Waldie has written many books. The Livy of Lakewood, who has penned important essays about L.A. history and geography for decades, has gathered some of his recent efforts in ""Elements of Los Angeles: Earth, Water, Air, Fire.""
A lot of his subjects — L.A.'s mother tree, pioneering preacher Aimee Semple McPherson, the first Hass avocado — are tried-and-true terrain for Southern California writers. But few of us can turn a phrase like Waldie. On legendary Dodger broadcasters Vin Scully and Jaime Jarrín, he writes, ""The twin cities of Los Angeles and Los Ángeles, evoked by [their] voices … may seem to be incommensurate places to the unhearing, but the borders of the two cities are porous. Sound travels.""
Man, I wish I would have written that.
""Elements of Los Angeles"" is worth the purchase, if only to read ""Taken by the Flood,"" Waldie's account of the 1928 St. Francis Dam disaster that killed at least 431 people — mostly Latinos — and destroyed the career of L.A.'s water godfather, William Mulholland. The author's slow burn of the tragic chronology, from Mulholland's famous ""There it is. Take it"" quote when he unleashed water from the Owens Valley in 1913 to slake the city's thirst, to how L.A. quickly forgot the disaster, compounds hubris upon hubris.
But then, Waldie concludes by citing a Spanish-language corrido about the disaster: ""Friends, I leave you/with this sad song/and with a plea to heaven/For those taken by the flood.""
The ultimate victims, Waldie argues, are not the dead from the St. Francis Dam but all Angelenos for buying into the fatal folly of Mullholland's L.A.
""Elements of Los Angeles"" was published by Angel City Press, a wing of the Los Angeles Public Library that also released ""Cruising J-Town: Japanese American Car Culture in Los Angeles.""
Cal State Long Beach sociology professor Oliver Wang offers a powerhouse of a coffee table book by taking what could have easily sold as a scrapbook of cool images and grounding it in the history of a community that has seen the promise and pain of Southern California like few others.
We see Japanese Americans posing in front of souped-up imports, reveling in SoCal's kustom kulture scene of the 1960s, standing in front of a car at a World War II-era incarceration camp and loading up their gardening trucks at a time when they dominated the landscaping industry.
""One can read entire histories of American car culture and find no mention of Japanese or Asian American involvement,"" Wang writes — but that's about as pedantic as ""Cruising J-Town"" gets.
The rest is a delight that zooms by like the rest of my recs. Drop the doomscrolling for a day, make the time to read them all and become a better Southern Californian in the process. Enjoy!
"
"Crypto promoters saw Trump as their savior. Then reality set in","Crypto promoters saw Trump as their savior. Then reality set in
Changpeng Zhao, the founder of Binance
Changpeng Zhao, the founder of Binance, who pleaded guilty to money-laundering charges but received a pardon from Trump after his firm made a deal that enhanced the value of the Trump family's crypto token, USD1. (Ellen M. Banner / Associated Press)
Los Angeles Times columnist Michael Hiltzik
By Michael Hiltzik
Business Columnist | 
Follow
Nov. 28, 2025 3 AM PT



10 min


Trump has called for relaxing regulations on crypto. So why are crypto prices plummeting?
With Donald Trump's election as president, the cryptocurrency community saw blue skies ahead.
The election sent the price of bitcoin to a record high, exceeding $75,000. After all, during the campaign Trump had vowed to make the U.S. the ""crypto capital of the planet"" and to create a ""strategic reserve"" of bitcoin. He and his family members formed World Liberty Financial, a crypto trading firm.
Within three days of his inauguration, Trump issued an executive order promoting the expansion of crypto in the U.S. He denigrated enforcement efforts by the Biden administration as reflecting a ""war on cryptocurrency.""
Bitcoin and other crypto assets are once again demonstrating that they are among some of the first assets to decline among broader economic uncertainty.
— Molly White
On the second day of his presidency, he pardoned Ross Ulbricht, the boss of a notorious online black market in which transactions were conducted in crypto. Ulbricht, who had become something of a hero to crypto promoters, was serving two life sentences at the time. In July, Trump signed the so-called GENIUS Act, which dilutes consumer banking protections involving stablecoins, a crypto token.
Last year, the FBI labeled crypto a hive of ""pervasive"" criminality. Under Trump, things are likely to get worse. Since Trump took office, the Securities and Exchange Commission has closed or deferred 18 cases or investigations related to cryptocurrency firms.
Get the latest from Michael Hiltzik
Commentary on economics and more from a Pulitzer Prize winner.
By continuing, you agree to our Terms of Service and our Privacy Policy.
Enter email address
Enter email address
Agree & Continue
Yet despite all these tailwinds from the White House, federal agencies and a compliant Congress, cryptocurrencies are having one terrible year. The price of bitcoin closed at a record $124,752 on Oct. 10 but has since fallen to about $87,845. That's a stomach-churning loss of almost 30% in just six weeks.
Since Trump's Jan. 20 inauguration, bitcoin has lost more than 11% of its value. In the same period, the stock market, as measured by the Standard & Poor's 500 index, has gained nearly 12%. To the question of who is getting rich on crypto in the Trump era, the answer thus far is: Trump, his family, and their friends. Everyone else has been taken to the woodshed.
Why has this happened?
To a certain extent, it's a confluence of factors, not all of which can be blamed on Trump. But his economic policies, including his on-and-off-again tariff announcements, have certainly accounted for some of the notable crypto downdrafts of the last 11 months. Other geopolitical developments haven't been friendly to crypto.
FILE -Republican presidential candidate former President Donald Trump speaks at the Bitcoin 2024 Conference, July 27, 2024, in Nashville, Tenn. (AP Photo/Mark Humphrey, File)
Voices
Hiltzik: Crypto was already in bad odor before jumping into bed with Trump. Now it smells worse
May 15, 2025
Another important factor is the growth of leverage in crypto accounts — users borrowing against their crypto holdings like stock investors buying on margin, a practice that can magnify gains in rising assets — but also magnify losses.
Let's take a closer look at crypto's terrible, horrible, no good, very bad year.
The first slap in the face with a wet fish came for crypto on Feb. 21. That's when the crypto exchange Bybit, which is sometimes counted on the second-largest crypto exchange in the world, lost $1.5 billion in crypto tokens to hackers — ""the largest cryptocurrency heist in history,"" by the assessment of the Center for Strategic and International Studies, a Washington think tank. The FBI promptly traced the exploit to North Korea.
Trump can't be blamed for the Bybit hack, but Trump's weakening of America's cyberdefenses doesn't bode well for the future.
According to the Cyberspace Solarium Commission, a congressionally established body tasked with overseeing cyberdefense, Trump's ""cuts to cyber diplomacy and science programs and the absence of stable leadership at key agencies like the Cybersecurity and Infrastructure Agency (CISA), the State Department, and the Department of Commerce"" have resulted in the country's ability to protect against cyber threats ""stalling and, in several areas, slipping.""
That's especially important when it involved North Korea. According to many experts, the rogue state has made up for its exclusion from the global economy by creating an alarmingly effective cyberhacking program.
Since 2017, North Korean hackers have stolen more than $5 billion in cryptocurrencies, as calculated by the cybersecurity firm TRM Labs. The North Koreans have not only made their thievery more efficient, but have also refined their money-laundering techniques to the point that the stolen booty disappears into the dark reaches of cyberspace within days.
This has undermined the crypto camp's claim to offer users secure access to their funds. Crypto's reaction to Trump's economic policies has undercut the promoters' claim that their asset class is a remedy for economic turmoil in the outside world.
Republican presidential nominee former President Donald Trump speaks to reporters in the spin room after a presidential debate between Republican presidential nominee former President Donald Trump and Democratic presidential nominee Vice President Kamala Harris, Tuesday, Sept. 10, 2024, in Philadelphia. (AP Photo/Matt Rourke)
Voices
Hiltzik: Trump and his family jump into crypto, which the FBI calls a hive of 'pervasive' criminality
Sept. 18, 2024
""Bitcoin and other crypto assets are once again demonstrating that they are among some of the first assets to decline among broader economic uncertainty,"" the indispensable crypto observer Molly White wrote in March, after Trump's tariff threats and fears of higher inflation provoked a three-day slide of 12.6% in bitcoin—the worst downdraft since the bankruptcy of FTX in 2022. Bitcoin fell nearly 10% in the four days after Trump announced his ""reciprocal tariffs"" on April 2.
Another selloff erupted on Oct. 10, the day Trump abruptly announced new tariffs on China. That day became labeled ""crypto's Black Friday,"" as crypto exchanges forced the liquidation of some $19 billion in leveraged holdings in 24 hours. Bitcoin lost $10,000 in value in a matter of minutes.
As White observed, the downdraft was frenzied in part because the crypto market lacks the circuit breakers installed in the stock and bond markets, which automatically halt trading before a selloff can gain steam, allowing traders and market makers to catch their breath. Nothing like that stands in the way of a tsunami of account liquidations by thinly-regulated crypto brokers.
Since then, the selling has continued almost unabated. At midday Wednesday, bitcoin has recovered by about 2.8%, but it is still appreciably lower than its price on Jan. 1 or on Inauguration Day.
Market observers say that institutional investors as well as small retail investors all have been bailing on crypto. Over the last year, banks and other financial services firms have made it easier for small investors to buy crypto — exchange traded funds and firms that have constructed themselves as crypto treasuries have proliferated.
But those devices also make it easier to sell. Investors have withdrawn an estimated $3.5 billion from crypto ETFs so far this month. The publicly traded company Strategy, the business model of which is to accumulate bitcoin, has lost some 60% of its value since mid-July.
Historical patterns suggest that the chief victims of the crypto selloff are small investors, however. They tend to buy into a stock or other asset when it is rising, and sell into a bear market (just the opposite of the buy-low, sell-high principle favored by experts). To the extent they were lured by the runup in crypto prices, they may be holding the bag just now.
That points us to the likely winners in the current crypto cycle: Trump and his circle. Trump in 2021 called bitcoin a ""scam,"" and in 2019 posted that the values of cryptocurrency were ""based on thin air,"" but he ""has now warmly embraced its supposed virtues,"" as federal Judge Jed S. Rakoff, who has presided over lawsuits alleging crypto-related fraud, recently wrote.
Consider World Liberty Financial, which was co-founded by Trump and his offspring Eric, Barron and Don Jr. (Trump himself is listed by the company as ""co-founder emeritus,"" a designation he acquired upon taking office as president.)
World Liberty's fortunes have benefited from reported actions by Binance, the largest crypto exchange in the world. Earlier this year, Binance accepted a $2-billion investment from an Abu Dhabi-based investment firm to be paid in USD1, the dollar-linked ""stablecoin"" marketed by World Liberty. The acceptance of USD1 as a crypto token has added to its value, and therefore to the financial gains enjoyed by the Trump family.
In this photo taken Monday, Nov. 1, 2010, venture capitalist and Netscape co-founder Marc Andreessen, left, and his longtime business partner, Ben Horowitz, pose in their office in Menlo Park, Calif. It seems Washington is all ears these days. President Barack Obama says he'll take a great idea to fix the economy anywhere he hears it. The Republican leaders in Congress can't say enough how determined they are to ""listen to the American people."". (AP Photo/Paul Sakuma)
Voices
Hiltzik: Most Americans have a negative view of crypto. So why are political campaigns rushing to embrace it?
Aug. 1, 2024
On Oct. 23, Trump pardoned Binance founder Chengpeng Zhao, who had served a four-month term in U.S. prison and was fined $50 million after pleading guilty to violations of U.S. anti-money laundering regulations. Binance also pleaded guilty and paid more than $4.3 billion in settling the criminal case.
Asked during a Nov. 2 interview on ""60 Minutes"" why he pardoned Zhao, Trump replied, ""I know nothing about the guy, other than I hear he was a victim of weaponization by government. When you say the government, you're talking about the Biden government.""
I asked the White House whether Trump's involvement in crypto while he held authority over crypto regulations amounted to a conflict of interest.
I received an emailed response from Trump spokeswoman Karoline Leavitt, who wrote, ""The media's continued attempts to fabricate conflicts of interest are irresponsible and reinforce the public's distrust in what they read. Neither the President nor his family have ever engaged, or will ever engage, in conflicts of interest.""
The truth is that bitcoin investors may have less to fear from Trump's dabbling in crypto than in the shortcomings of crypto itself as an asset class. As I've reported before, unlike almost any other asset, crypto tokens are untethered from anything of concrete value. That doesn't mean that crypto will periodically drive higher, only that when holders are running for the exits, there may not be a discernible floor to how low it will go.
Crypto tokens don't throw off interest or dividends. Their prices aren't based on even a theoretical value of issuing enterprises such as corporations, municipalities or federal agencies. As commodities, they resemble collectibles like Beanie Babies, with values derived from the ""greater fool"" theory — that someone is out there willing to pay more than your acquisition cost to take them off your hands. That's a path painted in red.
"
"In Trump's regime, Catholics are among the most powerful — and deported","In Trump's regime, Catholics are among the most powerful — and deported
A charred statue of the Virgin Mary still stands in the ruins of a home
A charred statue of the Virgin Mary stands in the ruins of a home destroyed in the Eaton fire in Altadena on Jan. 22. (Genaro Molina / Los Angeles Times)
EL SEGUNDO CA DECEMBER 12, 2019 -- Gustavo Arellano, reporter for the Los Angeles Times.
By Gustavo Arellano
Columnist | 
Follow
Dec. 11, 2025 3 AM PT


14

7 min


Her brown face, green mantle and forgiving gaze is a mainstay of Southern California: In front yards. As murals. On decals flashing from car windows and bumpers. Sold at swap meets in the form of T-shirts, ponchos, statues, bags and so much more.
Tomorrow, it will be the feast day of Our Lady of Guadalupe, and She couldn't come soon enough. 2025 will go down as one of the best and worst years ever to be a Catholic in the United States.
Members of my faith are in positions of power in this country like never before. Vice President JD Vance is a convert. A majority of the Supreme Court are practicing Catholics. Names of past Catholic diasporas like Kennedy, Bondi, Loeffler and Rubio dot Trump's Cabinet. This week, he became the first president to formally recognize the Feast of the Immaculate Conception, a Catholic holy day celebrating Mary, the mother of Jesus.
""For nearly 250 years, Mary has played a distinct role in our great American story,"" Trump declared, offering a brief Catholic history of the United States that would've made this country's Puritan forefathers retch. He even shouted out Our Lady of Guadalupe's feast day, commending the ""steadfast devotion to Mary that originated in the heart of Mexico.""
Marchers with a portrait of the Virgin of Guadalupe on Cesar Chavez Boulevard.
Voices
Arellano: Catholic Church puts foot down on Trump's mass deportation policy. That's a start
Nov. 15, 2025
It's the second year in a row where Trump has wrapped himself in the Empress of the Americas. Last year, he shared Her famous image on social media on Sept. 8, when Catholics celebrate the birth of the Virgin Mary, with the caption ""Happy birthday, Mary!""
I wish I could say Guadalupe is changing Trump's shriveled excuse of a heart. But it's impossible to reach that conclusion when so many Catholics in the U.S. face unholy persecution because of his deportation deluge.
A study released earlier this year by a coalition of evangelical and Catholic groups found that 61% of immigrants at risk of deportation in this country identify as Catholic, while nearly one-fifth of U.S. Catholics ""would be impacted"" by someone being deported. The latter figure is nearly three times the rate that evangelicals face and four times the rate of other Christian denominations.
Guadalupanos — people with a special devotion to Guadalupe, the overwhelming majority of whom are Latino — can't even venerate Her in peace this year because of Trump.
The neighborhood house that I visit every year to pray the novena in honor of Guadalupe with others has seen way fewer people than last year. In Chicago, where immigration agents terrorized residents all fall, officials at the Shrine of Our Lady of Guadalupe in suburban Des Plaines are seeing the same even as they adopt security measures to reassure attendees. Out in the Coachella Valley, a beloved pilgrimage in honor of la guadalupana held for more than 20 years was canceled, with organizers announcing on Facebook in Spanish that the faithful should instead do a ""spiritual interior pilgrimage where our mother invites us to keep us united in a secure environment.""
Since July, San Bernardino diocese bishop Alberto Rojas has allowed Catholics to skip Mass because of all the raids in the Inland Empire. He was joined this week by Diocese of Baton Rouge Bishop Michael Duca as la migra now roams Louisiana. ""We should be anticipating the joy of Christmas, surrounded by our family in celebration,"" Duca wrote, ""instead of the experience of anxiety and fear.""
Pope Francis meets with U.S. Vice President JD Vance
The late Pope Francis meets with U.S. Vice President JD Vance and delegation during an audience at Casa Santa Marta on April 20 in Vatican City. A day later, Francis died at age 88. (Vatican Pool / Getty Images)
That's the sad irony of seeing Catholicism have such a prominent role in Trump's second term. The main defamers of Catholics in the United States have been Protestants since the days of the founding fathers. They cast successive waves of immigrants — Irish, Italians, Poles, Mexicans, Vietnamese — as evil, stupid immigrants beholden to Rome. They wrongly predicted each group would ruin the American way of life.
Now that Catholics are at the top, they're the ones pushing policies that persecute the new generation of immigrants, Catholic and not. They mock the exhortations of church leaders to follow the Bible's many commands to protect the stranger, the meek, the least and the poor by arguing that deporting the undocumented is somehow righteous.
That's why, as we end a terrible year and Trump vows to escalate his cruel anti-immigrant campaign in the next one, Catholics and non-Catholics alike need to remember who Our Lady of Guadalupe is like never before. She's more than just an iconic image; this dark-skinned María stands against everything Trump and his brand of Catholicism preaches.
The faithful believe that Guadalupe appeared in 1531 near modern day Mexico City — not before the conquering Spanish priests who were destroying the old ways of the Aztecs and other Indigenous groups, but to the conquered who looked like her. The manuscript that shared her story with the world quoted her as promising to ""hear all their cries ... and remedy all their miseries, sorrows, and pains.""
Siding with the underdogs against the elites is why Mexicans carried Guadalupe's banner in the War of Independence and during the Mexican Revolution. Why Cesar Chavez carried her during United Farm Workers marches and why generations of Chicano artists have reimagined la virgencita as everything from a bikini-clad model to a jogger — the more quotidian, the better.
Santa Ana, CA- 7-year old Emily Navarro takes pictures with her father Alejandro in front of an altar as part of celebration of the Virgen de Guadalupe day at a home in Santa Ana on Monday, Dec. 11, 2023. ""This house is special for a lot of people. He has been doing this for generations not only teaching kids about this but also about soccer and life, how to behave."" Says Alejandro who used to be coached by Luis when he was a teenager.
California
The most beautiful Virgin of Guadalupe shrine in Southern California
Dec. 13, 2024
It's why there are 19 parishes, sanctuaries and missions named after her in the dioceses of Orange, Los Angeles and San Bernardino — by far the most of any saint, sacrament or Marian apparition in the Southland. It's why the late Pope Francis regularly celebrated mass in honor of Guadalupe's feast day at the Vatican and admonished those who wished to ""gain ideological advantage over the mystery of Guadalupe"" last year during a homily at St. Peter's Basilica. Presiding over the service was Cardinal Robert Prevost, who is now Pope Leo XIV and whose devotion to Guadalupe is such that he was consecrated as a bishop 11 years ago this Dec. 12.
It's why Guadalupe has emerged as a symbol against Trump's deportation Leviathan.
Her message of hope for the poor over the privileged stands in contrast to the limousine Catholics who dominate Trumpland. They're the ones that have successfully spent millions of dollars to move the church in the United States to the right (55% of Catholics chose Trump last year), repeatedly tried to torpedo the reforms of Pope Francis and are already souring on Pope Leo for describing Trump's raids as ""extremely disrespectful"" to the dignity of migrants. They're the ones who have expressed more outrage over the assassination of conservative firebrand Charlie Kirk this fall than the suffering that millions of their fellow Catholics have endured all year under Trump.
Our Lady of Guadalupe, grant us the strength to fight back against the Herod of our time.
"
"These federal judges are building a legal wall against Trump's assault on transgender rights","These federal judges are building a legal wall against Trump's assault on transgender rights
Attorney General Pam Bondi 
Attorney General Pam Bondi, seen here testifying before the Senate Judiciary Committee, is the flag carrier of President Trump's assault on transgender rights, but her campaign has been questioned by federal judges. (Win McNamee / Getty Images)
Los Angeles Times columnist Michael Hiltzik
By Michael Hiltzik
Business Columnist | 
Follow
Dec. 2, 2025 3 AM PT


1

9 min


Federal judges have been blocking Trump's anti-trans subpoenas while questioning the behavior of government officials in the cases.
President Trump wasted no time before turning the right wing's cherished assault on transgender rights into government policy.
On the very day of his inauguration, he issued an executive order titled, ""Defending Women from Gender Ideology Extremism and Restoring Biological Truth to the Federal Government.""
The order purported to ""recognize two sexes, male and female,"" as federal policy. ""These sexes are not changeable,"" it stated. It labeled ""gender ideology"" and ""gender identity"" as a ""false claim.""
Congress never authorized a roving mandate to regulate and alter state-licensed medical care.
— U.S. Judge Mark Kearney of Philadelphia
The order directed federal agencies to ""remove all statements, policies, regulations, forms, communications, or other internal and external messages that promote or otherwise inculcate gender ideology.""
About a week later, Trump posted an order banning federal spending on gender-affirming therapies for children, which he defined as ""mutilation"" based on ""junk science.""
Get the latest from Michael Hiltzik
Commentary on economics and more from a Pulitzer Prize winner.
By continuing, you agree to our Terms of Service and our Privacy Policy.
Enter email address
Enter email address
Agree & Continue
Under Atty Gen. Pam Bondi, Trump's Justice Department took action. On July 9, Bondi boasted of having sent ""more than 20 subpoenas to doctors and clinics involved in performing transgender medical procedures on children.""
In her news release, Bondi said the subpoenas targeted ""medical professionals and organizations that mutilated children in the service of a warped ideology.""
That's when Trump's campaign ran into a judicial brick wall. In recent weeks at least three federal judges blocked some of these subpoenas as flagrantly illicit overreach.
FILE - Transgenders rights supporters rally outside of the Supreme Court, Wednesday, Dec. 4, 2024, in Washington. (AP Photo/Jose Luis Magana, File)
Voices
Hiltzik: Trump's all-out assault on transgender rights isn't a sign of strength, but cowardice
Feb. 7, 2025
At least two questioned the DOJ's actions in these cases, with one warning that a federal official's inaccurate declaration could be interpreted as perjury. Another implied that a DOJ filing in his courtroom might have reflected ""deliberate misuse ... of court procedure."" (I am indebted to Chris Geidner of Lawdork.com for pulling these facts together.)
These cases raise questions about the professionalism of Trump's DOJ that have been raised by other federal courts on other topics. Those include the invalidation of the appointments of three U.S. Attorneys put in place to pursue criminal charges against Trump's political enemies, and the rejection by grand juries of indictments proposed by Trump-appointed prosecutors.
""The Department has defeated many of these lawsuits all the way up to the Supreme Court and will continue to defend the President's agenda with the utmost professionalism,"" a DOJ spokeswoman told me by email.
The transgender cases may have a more personal effect on millions of struggling youths and families. As I've written, the Trumpian hand-wringing over the ""mutilation"" of children via gender-affirming therapy or surgery melds medical ignorance with fantasy.
Therapies such as puberty blockers or hormone treatments typically are administered to minors only after painstaking medical consultations, and actual surgeries aren't commonly performed on minors by reputable medical providers.
Trump made an assault on transgender treatments a plank in his campaign platform, spinning a weird claim that schools had been subjecting innocent children to secret operations. ""The school decides what's gonna happen with your child,"" he said. ""And you know, many of these childs [sic] 15 years later say, 'What the hell happened? Who did this to me?'"" None of that happens in the real world.
After the Supreme Court invalidated bans on same-sex marriage in 2015, Republican strategists found ""the struggle over trans rights"" to be ""an especially potent wedge issue,"" observes political scientist Paisley Currah, a professor of women's and gender studies at Brooklyn College, in a new report in the New York Review of Books.
trump
Voices
Hiltzik: Trump's remarks about school transgender policies are his most deranged and despicable yet
Sept. 4, 2024
Their target, Currah writes, is ""a very small proportion of the population (roughly 2.8 million people above the age of thirteen), not well understood by most Americans, living in ways that confounded common assumptions about sex.""
For the most part, this war has unfolded at the state level. North Carolina passed its notorious ""bathroom bill,"" requiring residents to use only the bathrooms designated for the sex on their birth certificates, in 2016. The measure drew widespread threats of boycotts by sports leagues and corporations, prompting its repeal the following year.
Legislators soon found an approach more tolerable for the public: banning transgender women from participating in women's sports. In 2015 there were 21 antitrans bills introduced in state legislatures; in 2025 there were more than 1,000.
In June the Supreme Court's six-member conservative majority appeared to bless this approach by turning away a challenge to a Tennessee law that bans puberty blockers and hormones for trans youth, even when parents and physicians prescribe them. With this ruling, Justice Sonia Sotomayor wrote in a ringing dissent, ""the Court abandons transgender patients and their families to political whims.""
She might have added that Trump's intimidation works. Medical providers coast-to-coast, including Children's National Hospital in Washington, D.C., and Kaiser Permanente, ended gender-affirming care for minors to avoid legal hassles; some institutions even ended such care for adults, although that care isn't targeted by the government.
None of that means that there aren't guardrails on the federal antitrans campaign, which brings us back to the judges placing a collar on the DOJ.
In the most recent ruling issued Nov. 21, federal Judge Mark Kearney of Philadelphia took aim at subpoenas Bondi served on Children's Hospital of Philadelphia. Purporting to be investigating the mislabeling and misuse of puberty blockers and hormones, the DOJ demanded the hospital's ""billing and insurance records, communications with manufacturers and sales representatives, and the names and complete medical and psychological records of children receiving gender-affirming care,"" Kearney wrote.
Lynn Conway 
Voices
Hiltzik: Lynn Conway, leading computer scientist and transgender pioneer, dies at 86
June 11, 2024
The hospital acceded to most of this request, but did not provide the identities of its child patients and their families and their confidential medical files.
Kearney quashed those subpoenas, ruling that the privacy rights of the children and their families ""substantially outweighs"" the DOJ's ""need to know the children's names, addresses, and treatment.""
Kearney noted that federal law left questions about medical care entirely to the states; policy disagreements such as those pitting the DOJ against the hospital are not federal crimes. ""Congress never authorized a roving mandate to regulate and alter state-licensed medical care,"" he wrote.
He also focused on a declaration filed in court on Oct. 6 by DOJ official Lisa K. Hsiao, stating that ""the government is aware of a lawsuit filed just this year"" with ""allegations of a minor being put on puberty blockers after his first visit and cross-sex hormones after his second with no meaningful assessment.""
As it happens, there is no such lawsuit. The day after Hsaio's declaration was filed ""under penalty of perjury,"" Kearney observed, it was withdrawn and replaced with one that removed the reference to a lawsuit and substituted the claim that the government was aware only of ""concerning allegations"" about the treatment.
The hospital said in court that it hadn't been served with any such lawsuit. Kearney questioned ""the veracity of Director Hsiao's sworn statements"" and noted that DOJ lawyers agreed with him that ""false statements may be subject to a perjury investigation.""
Kearney's ruling followed one issued Sept. 9 by federal Judge Myong Joun of Boston. Joun quashed the entire subpoena issued to Boston Children's Hospital seeking extensive information about its personnel and medical records of patients, including their Social Security numbers and home addresses.
Chloe Cole speaks during a news conference on Capitol Hill September 20, 2022 in Washington, D.C. 
Voices
Hiltzik: A transgender patient's lawsuit against Kaiser is a front for the conservative war on LGBTQ rights
March 2, 2023
""It is abundantly clear,"" he wrote, that the administration's ""true purpose"" is to interfere with the state's right to authorize gender-affirming care, ""to harass and intimidate BCH to stop providing such care, and to dissuade patients from seeking such care.""
In the third case, federal Judge Jamal Whitehead of Seattle on Oct. 27 threw out a subpoena the government served on QueerDoc, a telehealth provider serving patients in the West. The subpoena demanded complete personnel files for all QueerDoc employees and all private information about patients for whom it prescribed puberty blockers or hormones.
Whitehead concluded that the subpoena — compounded by Bondi's news release — was aimed ""not to investigate legal violations but to intimidate and coerce providers into abandoning lawful medical care."" (Emphasis his.)
Whitehead also found that a legal filing in which the DOJ cited legal gounds for the subpoena ""represents a fundamental misunderstanding — or deliberate misuse — of court procedure"": Filings of its kind generally were used to correct minor clerical errors in a previously filed document, he noted, not for making new legal arguments after the deadline. In this case the filing underscored that the government was targeting ""the provision of gender-affirming care itself, not any legitimate federal violation.""
The government appealed the Joun and Whitehead rulings though not, as yet, Kearney's action. The battle to protect treatment for transgender youths is plainly not over.
"
"Amid national sorrow, Trump stops pretending it's about the 'worst of the worst'","Amid national sorrow, Trump stops pretending it's about the 'worst of the worst'
Staff Sgt. Andrew Wolfe and Spec. Sarah Beckstrom of the West Virginia National Guard.
Air Force Staff Sgt. Andrew Wolfe and Army Spec. Sarah Beckstrom of the West Virginia National Guard. Beckstrom was killed and Wolfe wounded by a gunman in Washington, D.C. (Associated Press)
Anita Chabria. (Ricardo DeAratanha / Los Angeles Times)
By Anita Chabria
Columnist | 
Follow
Dec. 2, 2025 3 AM PT


1

6 min


Trump is using National Guard member Sarah Beckstrom's killing to justify sweeping anti-immigrant policies rooted in white nationalist ideology.
Mass deportation plans and voter suppression tactics threaten democracy and marginalized communities nationwide.
The killing of Sarah Beckstrom, a 20-year-old serving her country in the National Guard to help pay for college, is horrific.
Her fellow soldier, Staff Sgt. Andrew Wolfe, 24, remains in a fight for his life.
Their alleged attacker, Afghan national Rahmanullah Lakanwal, 29, is in custody and will likely face the federal death penalty.
It's important that we stop for a moment and recognize the unacceptable terror of two people serving our country being gunned down in an apparently targeted attack just blocks from the White House a day before Thanksgiving. It's also important we examine Lakanwal's path to the United States to understand whether any red flags were missed.
But it's equally important to stop pretending that Trump's increasingly overt racism passes for sound immigration policy.
As infuriating and saddening as this crime is, it is not a remark on all immigrants. Yet, here he goes again.
""We don't want those people,"" he said Sunday night, speaking of refugees from Third World countries.
President Donald Trump speaks to reporters after speaking to troops via video from his Mar-a-Lago estate on Thanksgiving, Thursday, Nov. 27, 2025, in Palm Beach, Fla. (AP Photo/Alex Brandon)
World & Nation
Trump pushes for more restrictions on Afghan refugees. Experts say many are already in place
Nov. 29, 2025
That was around the same time the official White House account posted a video of Trump reciting the civil rights song ""The Snake"" by Oscar Brown Jr.
"" 'Oh shut up, silly woman,' said that reptile with a grin,"" Trump intoned over footage of immigration agents rounding up, you guessed it, brown people. ""You knew damn well I was a snake before you brought me in.""
I mean, the Klan would blush at some of this stuff.
While we've seen it before, this time Trump's attack on non-white immigrants seems like a move not to placate his MAGA voters but to marginalize them — an embrace of an increasingly powerful farther-right-than-MAGA contingent of his base that is open in its disdain for pluralism and equality.
Shortly after the tragedy in Washington, Trump vowed on social media to ""remove anyone who is not a net asset to the United States, or is incapable of loving our Country.""
Please note that he completely dropped any charade of this being about violent criminals or even those who crossed the border illegally — the people MAGA (and many others) thought would be targeted in an immigration crackdown.
Instead, he seems to be cultivating support from younger, angrier Republican men who eschew traditional conservatism as weak and misguided. Sadly, there are a growing number of these small-tent conservatives who are open in their belief that America should be a white Christian nation governed by men.
The America First folks, led by Nick Fuentes, are the most high-profile of these types outside of the administration, but there are other groups, some affiliated and some openly hostile of one another, that are amassing power both within the Republican base and in its power structure. On the inside, one need look no further than the ranting of Stephen Miller for proof that racism is increasingly official Trump policy, stretching far beyond closing our borders or removing undocumented people.
Sound alarmist? Let's let Trump finish.
He promised in a social media post a few days ago to ""denaturalize migrants who undermine domestic tranquility, and deport any Foreign National who is a public charge, security risk, or non-compatible with Western Civilization. These goals will be pursued with the aim of achieving a major reduction in illegal and disruptive populations ... Only REVERSE MIGRATION can fully cure this situation.""
Disruptive populations. Like U.S. citizens of Mexican origin? Indian Americans? Or maybe protesters? Or voters?
Before you hit the keyboard to tell me it's just another Trump rant with no teeth, check out the official account of the Labor Department, which recently posted a picture of the Lincoln Memorial with the text (in a font associated with the Third Reich) that reads, ""(t)he fight for Western Civilization has begun — and Americanism will Prevail.""
Or look at the Department of Homeland Security, which recently posted ""Remigration now,"" and has for months also been claiming we are in a battle for ""Western civilization.""
That particular term, remigration, is used by far-right believers of the Great Replacement Theory for the idea that white-majority counties can only survive if they — peacefully or violently — remove non-white people.
""Give me your tired, your hungry, your blonde,"" if you will. Keep your ""shithole"" residents.
Migrants walk by the jungle near Bajo Chiquito village, the first border control of the Darien Province in Panama, on September 22, 2023. The clandestine journey through the Darien Gap usually lasts five or six days, at the mercy of all kinds of bad weather. More than 390,000 migrants have entered Panama through this jungle so far this year, far more than in all of 2022, when there were 248,000, according to official Panamanian data. (Photo by Luis ACOSTA / AFP) (Photo by LUIS ACOSTA/AFP via Getty Images)
Voices
Chabria: Trump is exploiting Ruby Garcia's death to depict immigrants as 'animals'
April 11, 2024
In the lull of the holidays, with other issues on our minds, like how to pay for Christmas, many have felt a lessening of tension around this rogue administration. The Democrats seem to be gaining traction for the upcoming midterms, offering the hope of a Congress that isn't supine.
The media have started referring to Trump as a ""lame duck"" on his way out, ignoring to the point of journalistic malpractice his groundwork to undermine or even rig the next election — whether the GOP candidate is a third-term Trump or a not-so-great-replacement like Vice President JD Vance.
But this is a moment of consequence, when the mask is off.
Funding is kicking in to supercharge the deportation machine to new levels. Literally billions of dollars will be devoted to rounding up and removing those here without proper papers, including people who have lived here for decades and done nothing but work hard and raise families.
That has left American immigrants, citizens or not, afraid. Our schools have lost students, our businesses are missing customers. We have pushed even legal immigrants into an underground, uncertain who or what is safe.
At the same time, the midterms are less than a year away, and the election deniers Trump has installed in key posts are already working to create systems that will likely make it harder for poor and marginalized Americans to vote. That involves curtailing mail-in ballots (leaving some to decide whether to take time off of work to vote) or imposing identification rules that could disenfranchise married women, foster kids, naturalized citizens and more.
This should be a moment for the nation to pay tribute to Beckstrom and pray for Wolfe. Profiles of Beckstrom describe her as a caring, public-spirited young woman who wanted to make a difference and serve her country. She never got the chance.
But it's also a moment to be honest about what is happening. We have a president who is saying all brown and Black immigrants are a problem, even some who have earned citizenship.
It was never about the ""worst of the worst,"" but it is about being able to tell the difference between the snake and its victim.
"
